Beneficiary_ID,Beneficiary_Name,Type
BEN000,"Mahmood, Shah and Wood",Government
BEN001,Shaw Group,Government
BEN002,Hunt-Baker,Private Developer
BEN003,Dickinson-Powell,Government
BEN004,Hughes-Williams,Government
BEN005,Murphy-Gill,Government
BEN006,Martin Ltd,Government
BEN007,Ford-Davey,Government
BEN008,Russell-Carter,Government
BEN009,"Patel, Austin and Brown",Government
BEN010,Shaw and Sons,Government
BEN011,"Griffiths, Bennett and Green",Government
BEN012,Newton-Fisher,Government
BEN013,Jones PLC,Private Developer
BEN014,Armstrong Inc,Government
BEN015,"Young, Hawkins and Davis",Government
BEN016,White PLC,Private Developer
BEN017,Grant-Peters,Private Developer
BEN018,James-Cook,Private Developer
BEN019,Thomson Inc,Government
BEN020,"Morris, Bond and Thomas",Government
BEN021,Moss-Jenkins,Government
BEN022,"Abbott, Stewart and Matthews",Private Developer
BEN023,Taylor Group,Government
BEN024,Chapman Inc,Government
BEN025,"Jenkins, Ali and Banks",Private Developer
BEN026,Bradley-Stokes,Private Developer
BEN027,Begum-Kelly,Private Developer
BEN028,Martin-Rose,Government
BEN029,Payne-Savage,Government
BEN030,"Richards, Sutton and Murray",Government
BEN031,Webster-King,Government
BEN032,"Davies, Brown and Parsons",Private Developer
BEN033,Hughes-Mason,Government
BEN034,Hunt Group,Government
BEN035,Whitehouse Ltd,Private Developer
BEN036,Harrison-Allen,Private Developer
BEN037,Stevens Ltd,Private Developer
BEN038,Hall-Thompson,Government
BEN039,"Smith, Ford and Jones",Private Developer
BEN040,Reeves Group,Government
BEN041,"Brennan, Patel and Patel",Private Developer
BEN042,"Jackson, Pratt and Bevan",Private Developer
BEN043,"Bartlett, Walters and Parkinson",Government
BEN044,"Scott, Thompson and Lowe",Private Developer
BEN045,Kerr-Stevens,Private Developer
BEN046,Mitchell LLC,Private Developer
BEN047,Murray-Porter,Government
BEN048,Cox-Murphy,Private Developer
BEN049,Thorpe-Sheppard,Government
