Broker_ID,Broker_Name,Broker_Rating
BRK000,Vaughan Group,B
BRK001,Simpson Group,C
BRK002,Wade LLC,C
BRK003,Stevens-Walton,C
BRK004,Bowen-Smith,A
BRK005,"Ashton, Hall and Preston",A
BRK006,"Todd, Fisher and Howells",C
BRK007,Gibson-Smith,B
BRK008,"Cook, Hall and Stephens",A
BRK009,Nicholson Inc,B
BRK010,Davies-Carr,A
BRK011,Matthews Group,A
BRK012,Whitehead-Woods,B
BRK013,Sullivan-King,B
BRK014,Hunt Group,B
BRK015,Nicholson-Morris,A
BRK016,Davies PLC,B
BRK017,"Howell, Armstrong and Williams",B
BRK018,"Hill, Crawford and Peters",B
BRK019,Whitehouse-West,B
BRK020,Morgan-Reynolds,B
BRK021,"Parsons, Burke and Bryant",B
BRK022,"Brown, Ball and Wood",B
BRK023,"Thompson, Hawkins and Jackson",A
BRK024,"Foster, Wheeler and Hunter",B
